Time,Year,Timestep,N_m,N_f,NPos_m,NPos_f,N_knowpos_m,N_knowpos_f,NART_m,NART_f,NVS_m,NVS_f,NNotKnowStatus_m,NNotKnowStatus_f,PropMenCirc,Cumulative_Infected_m,Cumulative_Infected_f
1975.0833,1975,4,2627,2746,0,0,0,0,0,0,0,0,0,0,0.0586,0,0
1975.1667,1975,8,2631,2750,0,0,0,0,0,0,0,0,0,0,0.0585,0,0
1975.2500,1975,12,2637,2754,0,0,0,0,0,0,0,0,0,0,0.0588,0,0
1975.3333,1975,16,2638,2766,0,0,0,0,0,0,0,0,0,0,0.0588,0,0
1975.4167,1975,20,2646,2776,0,0,0,0,0,0,0,0,0,0,0.0582,0,0
1975.5000,1975,24,2650,2779,0,0,0,0,0,0,0,0,0,0,0.0581,0,0
1975.5833,1975,28,2656,2783,0,0,0,0,0,0,0,0,0,0,0.0572,0,0
1975.6667,1975,32,2669,2799,0,0,0,0,0,0,0,0,0,0,0.0566,0,0
1975.7500,1975,36,2676,2809,0,0,0,0,0,0,0,0,0,0,0.0561,0,0
1975.8333,1975,40,2695,2820,0,0,0,0,0,0,0,0,0,0,0.0557,0,0
1975.9167,1975,44,2701,2826,0,0,0,0,0,0,0,0,0,0,0.0559,0,0
1976.0000,1976,0,2709,2822,0,0,0,0,0,0,0,0,0,0,0.0561,0,0
1976.0833,1976,4,2712,2826,2,0,0,0,0,0,0,0,2,0,0.0557,2,0
1976.1667,1976,8,2723,2834,2,1,0,0,0,0,0,0,2,1,0.0562,2,1
1976.2500,1976,12,2733,2845,2,1,0,0,0,0,0,0,2,1,0.0560,2,1
1976.3333,1976,16,2741,2853,2,1,0,0,0,0,0,0,2,1,0.0558,2,1
1976.4167,1976,20,2749,2876,2,1,0,0,0,0,0,0,2,1,0.0564,2,1
1976.5000,1976,24,2751,2885,2,1,0,0,0,0,0,0,2,1,0.0563,2,1
1976.5833,1976,28,2758,2894,2,1,0,0,0,0,0,0,2,1,0.0562,2,1
1976.6667,1976,32,2777,2911,2,1,0,0,0,0,0,0,2,1,0.0555,2,1
1976.7500,1976,36,2785,2906,2,1,0,0,0,0,0,0,2,1,0.0553,2,1
1976.8333,1976,40,2791,2911,2,1,0,0,0,0,0,0,2,1,0.0548,2,1
1976.9167,1976,44,2806,2926,2,1,0,0,0,0,0,0,2,1,0.0549,2,1
1977.0000,1977,0,2805,2932,2,1,0,0,0,0,0,0,2,1,0.0545,2,1
1977.0833,1977,4,2813,2941,3,1,0,0,0,0,0,0,3,1,0.0544,3,1
1977.1667,1977,8,2826,2952,3,1,0,0,0,0,0,0,3,1,0.0545,3,1
1977.2500,1977,12,2833,2960,3,2,0,0,0,0,0,0,3,2,0.0540,3,2
1977.3333,1977,16,2841,2966,3,2,0,0,0,0,0,0,3,2,0.0539,3,2
1977.4167,1977,20,2852,2978,3,2,0,0,0,0,0,0,3,2,0.0543,3,2
1977.5000,1977,24,2859,2985,3,2,0,0,0,0,0,0,3,2,0.0546,3,2
1977.5833,1977,28,2863,2992,3,2,0,0,0,0,0,0,3,2,0.0548,3,2
1977.6667,1977,32,2882,3006,3,2,0,0,0,0,0,0,3,2,0.0555,3,2
1977.7500,1977,36,2882,3011,3,2,0,0,0,0,0,0,3,2,0.0552,3,2
1977.8333,1977,40,2893,3020,3,2,0,0,0,0,0,0,3,2,0.0550,3,2
1977.9167,1977,44,2902,3032,3,3,0,0,0,0,0,0,3,3,0.0555,3,3
1978.0000,1978,0,2906,3046,3,4,0,0,0,0,0,0,3,4,0.0554,3,4
1978.0833,1978,4,2924,3051,4,6,0,0,0,0,0,0,4,6,0.0551,4,6
1978.1667,1978,8,2937,3070,4,6,0,0,0,0,0,0,4,6,0.0552,4,6
1978.2500,1978,12,2942,3070,4,6,0,0,0,0,0,0,4,6,0.0554,4,6
1978.3333,1978,16,2945,3079,4,7,0,0,0,0,0,0,4,7,0.0550,4,7
1978.4167,1978,20,2956,3086,5,7,0,0,0,0,0,0,5,7,0.0548,5,7
1978.5000,1978,24,2959,3088,4,7,0,0,0,0,0,0,4,7,0.0547,5,7
1978.5833,1978,28,2959,3094,4,7,0,0,0,0,0,0,4,7,0.0541,5,7
1978.6667,1978,32,2969,3107,4,7,0,0,0,0,0,0,4,7,0.0542,5,7
1978.7500,1978,36,2975,3105,4,8,0,0,0,0,0,0,4,8,0.0541,5,8
1978.8333,1978,40,2976,3107,4,8,0,0,0,0,0,0,4,8,0.0544,5,8
1978.9167,1978,44,2985,3120,4,8,0,0,0,0,0,0,4,8,0.0543,5,8
1979.0000,1979,0,2983,3128,4,8,0,0,0,0,0,0,4,8,0.0543,5,8
1979.0833,1979,4,2996,3136,7,11,0,0,0,0,0,0,7,11,0.0544,8,11
1979.1667,1979,8,3012,3155,7,11,0,0,0,0,0,0,7,11,0.0551,8,11
1979.2500,1979,12,3023,3166,7,13,0,0,0,0,0,0,7,13,0.0549,8,13
1979.3333,1979,16,3026,3181,8,14,0,0,0,0,0,0,8,14,0.0549,9,14
1979.4167,1979,20,3051,3187,9,14,0,0,0,0,0,0,9,14,0.0547,10,14
1979.5000,1979,24,3058,3199,9,14,0,0,0,0,0,0,9,14,0.0546,10,14
1979.5833,1979,28,3067,3204,9,15,0,0,0,0,0,0,9,15,0.0545,10,15
1979.6667,1979,32,3076,3210,9,15,0,0,0,0,0,0,9,15,0.0549,10,15
1979.7500,1979,36,3080,3223,9,15,0,0,0,0,0,0,9,15,0.0545,10,15
1979.8333,1979,40,3091,3228,9,15,0,0,0,0,0,0,9,15,0.0544,10,15
1979.9167,1979,44,3098,3242,9,15,0,0,0,0,0,0,9,15,0.0539,10,15
1980.0000,1980,0,3102,3252,10,15,0,0,0,0,0,0,10,15,0.0545,11,15
1980.0833,1980,4,3119,3274,10,15,0,0,0,0,0,0,10,15,0.0548,11,15
1980.1667,1980,8,3143,3288,11,15,0,0,0,0,0,0,11,15,0.0547,12,15
1980.2500,1980,12,3146,3295,11,16,0,0,0,0,0,0,11,16,0.0544,12,16
1980.3333,1980,16,3161,3303,12,17,0,0,0,0,0,0,12,17,0.0550,13,17
1980.4167,1980,20,3178,3315,12,16,0,0,0,0,0,0,12,16,0.0551,14,17
1980.5000,1980,24,3186,3324,12,16,0,0,0,0,0,0,12,16,0.0546,14,17
1980.5833,1980,28,3200,3337,12,16,0,0,0,0,0,0,12,16,0.0544,14,17
1980.6667,1980,32,3212,3344,12,16,0,0,0,0,0,0,12,16,0.0548,14,17
1980.7500,1980,36,3210,3345,12,16,0,0,0,0,0,0,12,16,0.0548,14,17
1980.8333,1980,40,3218,3353,12,16,0,0,0,0,0,0,12,16,0.0547,14,17
1980.9167,1980,44,3230,3365,13,17,0,0,0,0,0,0,13,17,0.0548,15,18
1981.0000,1981,0,3234,3373,13,17,0,0,0,0,0,0,13,17,0.0547,15,18
1981.0833,1981,4,3255,3383,13,18,0,0,0,0,0,0,13,18,0.0547,15,19
1981.1667,1981,8,3271,3400,13,18,0,0,0,0,0,0,13,18,0.0547,15,19
1981.2500,1981,12,3274,3411,15,20,0,0,0,0,0,0,15,20,0.0544,17,21
1981.3333,1981,16,3290,3423,15,22,0,0,0,0,0,0,15,22,0.0544,17,23
1981.4167,1981,20,3303,3432,15,22,0,0,0,0,0,0,15,22,0.0548,17,23
1981.5000,1981,24,3307,3426,15,22,0,0,0,0,0,0,15,22,0.0541,17,23
1981.5833,1981,28,3320,3438,16,23,0,0,0,0,0,0,16,23,0.0545,18,25
1981.6667,1981,32,3337,3461,17,24,0,0,0,0,0,0,17,24,0.0542,19,25
1981.7500,1981,36,3336,3463,17,25,0,0,0,0,0,0,17,25,0.0543,19,26
1981.8333,1981,40,3339,3467,17,25,0,0,0,0,0,0,17,25,0.0542,19,26
1981.9167,1981,44,3352,3468,18,25,0,0,0,0,0,0,18,25,0.0549,20,27
1982.0000,1982,0,3358,3477,18,25,0,0,0,0,0,0,18,25,0.0548,20,27
1982.0833,1982,4,3363,3486,18,25,0,0,0,0,0,0,18,25,0.0547,20,28
1982.1667,1982,8,3379,3499,18,25,0,0,0,0,0,0,18,25,0.0545,20,28
1982.2500,1982,12,3390,3503,18,25,0,0,0,0,0,0,18,25,0.0546,20,28
1982.3333,1982,16,3401,3515,18,27,0,0,0,0,0,0,18,27,0.0550,20,30
1982.4167,1982,20,3420,3534,19,27,0,0,0,0,0,0,19,27,0.0556,21,30
1982.5000,1982,24,3430,3537,20,29,0,0,0,0,0,0,20,29,0.0554,22,32
1982.5833,1982,28,3440,3559,22,30,0,0,0,0,0,0,22,30,0.0558,24,33
1982.6667,1982,32,3463,3571,22,32,0,0,0,0,0,0,22,32,0.0554,24,35
1982.7500,1982,36,3473,3582,23,33,0,0,0,0,0,0,23,33,0.0553,25,36
1982.8333,1982,40,3488,3589,25,34,0,0,0,0,0,0,25,34,0.0553,27,37
1982.9167,1982,44,3508,3593,26,34,0,0,0,0,0,0,26,34,0.0544,28,37
1983.0000,1983,0,3514,3605,26,36,0,0,0,0,0,0,26,36,0.0546,29,39
1983.0833,1983,4,3529,3616,28,41,0,0,0,0,0,0,28,41,0.0544,31,44
1983.1667,1983,8,3535,3627,30,42,0,0,0,0,0,0,30,42,0.0546,33,45
1983.2500,1983,12,3534,3628,35,45,0,0,0,0,0,0,35,45,0.0546,38,48
1983.3333,1983,16,3542,3645,35,45,0,0,0,0,0,0,35,45,0.0545,39,49
1983.4167,1983,20,3557,3657,36,49,0,0,0,0,0,0,36,49,0.0551,40,53
1983.5000,1983,24,3562,3663,36,51,0,0,0,0,0,0,36,51,0.0553,40,55
1983.5833,1983,28,3571,3664,37,52,0,0,0,0,0,0,37,52,0.0557,41,56
1983.6667,1983,32,3583,3682,41,53,0,0,0,0,0,0,41,53,0.0555,46,57
1983.7500,1983,36,3585,3689,41,54,0,0,0,0,0,0,41,54,0.0552,46,59
1983.8333,1983,40,3606,3702,41,54,0,0,0,0,0,0,41,54,0.0555,47,59
1983.9167,1983,44,3627,3705,41,55,0,0,0,0,0,0,41,55,0.0551,47,61
1984.0000,1984,0,3640,3722,41,56,0,0,0,0,0,0,41,56,0.0552,47,62
1984.0833,1984,4,3658,3726,43,58,0,0,0,0,0,0,43,58,0.0549,49,65
1984.1667,1984,8,3681,3737,43,62,0,0,0,0,0,0,43,62,0.0551,49,69
1984.2500,1984,12,3687,3751,43,64,0,0,0,0,0,0,43,64,0.0553,49,71
1984.3333,1984,16,3682,3758,45,67,0,0,0,0,0,0,45,67,0.0554,51,74
1984.4167,1984,20,3698,3764,47,67,0,0,0,0,0,0,47,67,0.0560,53,77
1984.5000,1984,24,3711,3771,47,71,0,0,0,0,0,0,47,71,0.0560,53,81
1984.5833,1984,28,3709,3776,48,72,0,0,0,0,0,0,48,72,0.0563,54,83
1984.6667,1984,32,3723,3792,48,73,0,0,0,0,0,0,48,73,0.0567,54,84
1984.7500,1984,36,3737,3807,50,77,0,0,0,0,0,0,50,77,0.0570,56,88
1984.8333,1984,40,3756,3826,51,80,0,0,0,0,0,0,51,80,0.0570,58,91
1984.9167,1984,44,3774,3843,53,80,0,0,0,0,0,0,53,80,0.0578,60,91
1985.0000,1985,0,3786,3848,56,85,0,0,0,0,0,0,56,85,0.0581,64,95
1985.0833,1985,4,3803,3862,57,88,0,0,0,0,0,0,57,88,0.0578,65,98
1985.1667,1985,8,3824,3881,60,89,0,0,0,0,0,0,60,89,0.0583,68,99
1985.2500,1985,12,3841,3884,61,92,0,0,0,0,0,0,61,92,0.0583,69,102
1985.3333,1985,16,3851,3898,63,92,0,0,0,0,0,0,63,92,0.0579,71,102
1985.4167,1985,20,3868,3915,65,96,0,0,0,0,0,0,65,96,0.0579,73,106
1985.5000,1985,24,3867,3917,67,99,0,0,0,0,0,0,67,99,0.0579,76,110
1985.5833,1985,28,3875,3923,68,105,0,0,0,0,0,0,68,105,0.0581,77,116
1985.6667,1985,32,3879,3940,67,109,0,0,0,0,0,0,67,109,0.0583,79,122
1985.7500,1985,36,3883,3946,71,114,0,0,0,0,0,0,71,114,0.0577,83,127
1985.8333,1985,40,3896,3951,76,121,0,0,0,0,0,0,76,121,0.0572,89,134
1985.9167,1985,44,3914,3967,79,125,0,0,0,0,0,0,79,125,0.0572,92,136
1986.0000,1986,0,3922,3973,81,130,0,0,0,0,0,0,81,130,0.0574,94,141
1986.0833,1986,4,3934,3981,85,135,0,0,0,0,0,0,85,135,0.0582,99,146
1986.1667,1986,8,3961,4000,85,139,0,0,0,0,0,0,85,139,0.0598,100,150
1986.2500,1986,12,3972,4003,88,152,0,0,0,0,0,0,88,152,0.0597,103,164
1986.3333,1986,16,3988,4026,95,157,0,0,0,0,0,0,95,157,0.0597,110,169
1986.4167,1986,20,4002,4046,98,162,0,0,0,0,0,0,98,162,0.0595,114,176
1986.5000,1986,24,4008,4059,104,170,0,0,0,0,0,0,104,170,0.0594,122,184
1986.5833,1986,28,4018,4073,105,175,0,0,0,0,0,0,105,175,0.0595,125,191
1986.6667,1986,32,4034,4086,107,182,0,0,0,0,0,0,107,182,0.0595,129,199
1986.7500,1986,36,4030,4094,111,188,0,0,0,0,0,0,111,188,0.0588,133,206
1986.8333,1986,40,4037,4099,115,194,0,0,0,0,0,0,115,194,0.0592,138,212
1986.9167,1986,44,4055,4123,125,203,0,0,0,0,0,0,125,203,0.0587,148,223
1987.0000,1987,0,4069,4131,129,207,0,0,0,0,0,0,129,207,0.0585,152,227
1987.0833,1987,4,4080,4147,136,210,0,0,0,0,0,0,136,210,0.0586,160,233
1987.1667,1987,8,4089,4154,140,218,0,0,0,0,0,0,140,218,0.0589,166,240
1987.2500,1987,12,4103,4162,144,224,0,0,0,0,0,0,144,224,0.0592,171,246
1987.3333,1987,16,4114,4173,150,230,0,0,0,0,0,0,150,230,0.0598,178,254
1987.4167,1987,20,4131,4192,157,240,0,0,0,0,0,0,157,240,0.0593,186,264
1987.5000,1987,24,4142,4190,159,249,0,0,0,0,0,0,159,249,0.0596,193,278
1987.5833,1987,28,4156,4202,162,258,0,0,0,0,0,0,162,258,0.0594,196,287
1987.6667,1987,32,4182,4225,165,259,0,0,0,0,0,0,165,259,0.0593,201,290
1987.7500,1987,36,4194,4233,169,267,0,0,0,0,0,0,169,267,0.0594,205,299
1987.8333,1987,40,4193,4244,175,278,0,0,0,0,0,0,175,278,0.0596,212,311
1987.9167,1987,44,4215,4261,185,295,0,0,0,0,0,0,185,295,0.0603,223,329
1988.0000,1988,0,4222,4261,195,307,0,0,0,0,0,0,195,307,0.0599,233,341
1988.0833,1988,4,4225,4274,200,313,0,0,0,0,0,0,200,313,0.0599,238,350
1988.1667,1988,8,4260,4290,204,326,0,0,0,0,0,0,204,326,0.0601,242,364
1988.2500,1988,12,4262,4293,211,338,0,0,0,0,0,0,211,338,0.0601,249,379
1988.3333,1988,16,4267,4297,217,347,0,0,0,0,0,0,217,347,0.0602,256,389
1988.4167,1988,20,4281,4313,222,357,0,0,0,0,0,0,222,357,0.0603,262,399
1988.5000,1988,24,4291,4321,230,371,0,0,0,0,0,0,230,371,0.0604,272,414
1988.5833,1988,28,4295,4331,234,378,0,0,0,0,0,0,234,378,0.0605,277,423
1988.6667,1988,32,4315,4353,237,383,0,0,0,0,0,0,237,383,0.0605,282,432
1988.7500,1988,36,4317,4359,243,389,0,0,0,0,0,0,243,389,0.0607,290,440
1988.8333,1988,40,4326,4366,251,394,0,0,0,0,0,0,251,394,0.0608,299,448
1988.9167,1988,44,4352,4387,258,405,0,0,0,0,0,0,258,405,0.0611,307,460
1989.0000,1989,0,4360,4388,263,415,0,0,0,0,0,0,263,415,0.0612,312,473
1989.0833,1989,4,4374,4404,265,426,0,0,0,0,0,0,265,426,0.0610,315,485
1989.1667,1989,8,4405,4421,273,435,0,0,0,0,0,0,273,435,0.0611,323,497
1989.2500,1989,12,4400,4424,273,441,0,0,0,0,0,0,273,441,0.0618,326,507
1989.3333,1989,16,4416,4439,283,444,0,0,0,0,0,0,283,444,0.0620,338,515
1989.4167,1989,20,4445,4457,289,455,0,0,0,0,0,0,289,455,0.0621,345,530
1989.5000,1989,24,4450,4473,295,464,0,0,0,0,0,0,295,464,0.0620,352,541
1989.5833,1989,28,4459,4479,298,469,0,0,0,0,0,0,298,469,0.0621,355,549
1989.6667,1989,32,4470,4491,305,473,0,0,0,0,0,0,305,473,0.0622,363,556
1989.7500,1989,36,4471,4502,313,482,0,0,0,0,0,0,313,482,0.0620,372,565
1989.8333,1989,40,4475,4515,314,491,0,0,0,0,0,0,314,491,0.0619,378,575
1989.9167,1989,44,4494,4532,325,501,0,0,0,0,0,0,325,501,0.0623,391,588
1990.0000,1990,0,4500,4536,333,511,0,0,0,0,0,0,333,511,0.0627,402,600
1990.0833,1990,4,4515,4549,339,511,0,0,0,0,0,0,339,511,0.0622,409,605
1990.1667,1990,8,4517,4561,344,521,0,0,0,0,0,0,344,521,0.0624,417,613
1990.2500,1990,12,4522,4571,351,531,0,0,0,0,0,0,351,531,0.0621,427,627
1990.3333,1990,16,4529,4585,353,549,0,0,0,0,0,0,353,549,0.0623,434,648
1990.4167,1990,20,4550,4605,360,556,0,0,0,0,0,0,360,556,0.0618,442,657
1990.5000,1990,24,4558,4616,362,563,0,0,0,0,0,0,362,563,0.0616,445,667
1990.5833,1990,28,4576,4620,367,574,0,0,0,0,0,0,367,574,0.0618,450,681
1990.6667,1990,32,4605,4637,374,583,0,0,0,0,0,0,374,583,0.0619,459,693
1990.7500,1990,36,4617,4644,377,585,0,0,0,0,0,0,377,585,0.0615,467,700
1990.8333,1990,40,4643,4657,380,594,0,0,0,0,0,0,380,594,0.0618,471,710
1990.9167,1990,44,4672,4681,381,602,0,0,0,0,0,0,381,602,0.0625,477,720
1991.0000,1991,0,4683,4681,395,608,0,0,0,0,0,0,395,608,0.0628,493,730
1991.0833,1991,4,4703,4712,401,615,0,0,0,0,0,0,401,615,0.0625,503,742
1991.1667,1991,8,4726,4738,408,628,0,0,0,0,0,0,408,628,0.0626,512,756
1991.2500,1991,12,4733,4748,412,639,0,0,0,0,0,0,412,639,0.0621,517,769
1991.3333,1991,16,4743,4757,416,647,0,0,0,0,0,0,416,647,0.0622,525,783
1991.4167,1991,20,4768,4772,421,663,0,0,0,0,0,0,421,663,0.0619,536,802
1991.5000,1991,24,4769,4771,419,670,0,0,0,0,0,0,419,670,0.0616,539,814
1991.5833,1991,28,4785,4776,424,685,0,0,0,0,0,0,424,685,0.0614,550,835
1991.6667,1991,32,4802,4789,433,691,0,0,0,0,0,0,433,691,0.0612,562,844
1991.7500,1991,36,4811,4799,442,696,0,0,0,0,0,0,442,696,0.0613,574,852
1991.8333,1991,40,4820,4808,448,705,0,0,0,0,0,0,448,705,0.0620,585,861
1991.9167,1991,44,4841,4829,452,714,0,0,0,0,0,0,452,714,0.0620,594,873
1992.0000,1992,0,4850,4829,456,724,0,0,0,0,0,0,456,724,0.0625,603,885
1992.0833,1992,4,4870,4837,458,735,0,0,0,0,0,0,458,735,0.0624,610,903
1992.1667,1992,8,4887,4856,462,747,0,0,0,0,0,0,462,747,0.0620,615,916
1992.2500,1992,12,4896,4856,466,751,0,0,0,0,0,0,466,751,0.0619,624,927
1992.3333,1992,16,4924,4878,471,762,0,0,0,0,0,0,471,762,0.0615,631,940
1992.4167,1992,20,4951,4887,478,769,0,0,0,0,0,0,478,769,0.0616,640,953
1992.5000,1992,24,4964,4888,480,781,0,0,0,0,0,0,480,781,0.0614,643,970
1992.5833,1992,28,4986,4920,487,794,0,0,0,0,0,0,487,794,0.0618,651,985
1992.6667,1992,32,4999,4943,487,802,0,0,0,0,0,0,487,802,0.0618,658,1000
1992.7500,1992,36,5015,4959,492,811,0,0,0,0,0,0,492,811,0.0620,669,1012
1992.8333,1992,40,5033,4978,500,830,0,0,0,0,0,0,500,830,0.0622,683,1030
1992.9167,1992,44,5056,4989,506,839,0,0,0,0,0,0,506,839,0.0621,695,1043
1993.0000,1993,0,5055,4992,511,847,0,0,0,0,0,0,511,847,0.0621,705,1061
1993.0833,1993,4,5067,5002,507,855,0,0,0,0,0,0,507,855,0.0620,709,1072
1993.1667,1993,8,5094,5008,511,867,0,0,0,0,0,0,511,867,0.0622,718,1088
1993.2500,1993,12,5098,5021,515,874,0,0,0,0,0,0,515,874,0.0624,726,1101
1993.3333,1993,16,5109,5034,518,885,0,0,0,0,0,0,518,885,0.0620,734,1122
1993.4167,1993,20,5125,5043,526,888,0,0,0,0,0,0,526,888,0.0624,746,1133
1993.5000,1993,24,5134,5050,534,900,0,0,0,0,0,0,534,900,0.0633,758,1149
1993.5833,1993,28,5155,5063,541,903,0,0,0,0,0,0,541,903,0.0636,766,1163
1993.6667,1993,32,5165,5085,547,906,0,0,0,0,0,0,547,906,0.0639,776,1172
1993.7500,1993,36,5164,5098,554,918,0,0,0,0,0,0,554,918,0.0639,786,1189
1993.8333,1993,40,5179,5114,567,934,0,0,0,0,0,0,567,934,0.0639,802,1209
1993.9167,1993,44,5193,5134,570,938,0,0,0,0,0,0,570,938,0.0637,811,1220
1994.0000,1994,0,5207,5141,574,951,0,0,0,0,0,0,574,951,0.0638,820,1241
1994.0833,1994,4,5236,5161,582,957,0,0,0,0,0,0,582,957,0.0636,830,1251
1994.1667,1994,8,5266,5173,587,964,0,0,0,0,0,0,587,964,0.0632,839,1265
1994.2500,1994,12,5267,5176,598,971,0,0,0,0,0,0,598,971,0.0628,856,1280
1994.3333,1994,16,5288,5182,612,985,0,0,0,0,0,0,612,985,0.0628,870,1300
1994.4167,1994,20,5304,5201,617,995,0,0,0,0,0,0,617,995,0.0630,882,1315
1994.5000,1994,24,5318,5207,621,1002,0,0,0,0,0,0,621,1002,0.0628,889,1328
1994.5833,1994,28,5337,5229,631,1010,0,0,0,0,0,0,631,1010,0.0628,903,1340
1994.6667,1994,32,5374,5230,637,1019,0,0,0,0,0,0,637,1019,0.0625,912,1356
1994.7500,1994,36,5386,5246,639,1026,0,0,0,0,0,0,639,1026,0.0629,920,1367
1994.8333,1994,40,5393,5262,642,1033,0,0,0,0,0,0,642,1033,0.0632,929,1381
1994.9167,1994,44,5430,5276,647,1049,0,0,0,0,0,0,647,1049,0.0630,939,1407
1995.0000,1995,0,5428,5276,645,1061,0,0,0,0,0,0,645,1061,0.0632,948,1424
1995.0833,1995,4,5437,5288,649,1066,0,0,0,0,0,0,649,1066,0.0636,957,1432
1995.1667,1995,8,5451,5300,651,1071,0,0,0,0,0,0,651,1071,0.0633,963,1448
1995.2500,1995,12,5455,5305,656,1085,0,0,0,0,0,0,656,1085,0.0632,975,1467
1995.3333,1995,16,5474,5317,663,1090,0,0,0,0,0,0,663,1090,0.0634,988,1479
1995.4167,1995,20,5498,5342,674,1102,0,0,0,0,0,0,674,1102,0.0633,1004,1494
1995.5000,1995,24,5503,5331,674,1111,0,0,0,0,0,0,674,1111,0.0632,1010,1511
1995.5833,1995,28,5517,5327,679,1106,0,0,0,0,0,0,679,1106,0.0636,1020,1524
1995.6667,1995,32,5533,5353,681,1115,0,0,0,0,0,0,681,1115,0.0634,1025,1538
1995.7500,1995,36,5547,5358,685,1127,0,0,0,0,0,0,685,1127,0.0636,1033,1558
1995.8333,1995,40,5555,5373,693,1140,0,0,0,0,0,0,693,1140,0.0632,1044,1574
1995.9167,1995,44,5581,5398,697,1150,0,0,0,0,0,0,697,1150,0.0636,1054,1588
1996.0000,1996,0,5596,5411,707,1155,0,0,0,0,0,0,707,1155,0.0636,1070,1600
1996.0833,1996,4,5610,5415,713,1164,0,0,0,0,0,0,713,1164,0.0631,1079,1615
1996.1667,1996,8,5640,5440,715,1176,0,0,0,0,0,0,715,1176,0.0637,1085,1632
1996.2500,1996,12,5658,5446,720,1183,0,0,0,0,0,0,720,1183,0.0636,1098,1647
1996.3333,1996,16,5672,5459,725,1193,0,0,0,0,0,0,725,1193,0.0638,1111,1660
1996.4167,1996,20,5689,5486,732,1201,0,0,0,0,0,0,732,1201,0.0638,1127,1674
1996.5000,1996,24,5692,5490,738,1210,0,0,0,0,0,0,738,1210,0.0634,1142,1692
1996.5833,1996,28,5703,5501,743,1217,0,0,0,0,0,0,743,1217,0.0633,1154,1708
1996.6667,1996,32,5729,5520,749,1225,0,0,0,0,0,0,749,1225,0.0634,1167,1726
1996.7500,1996,36,5734,5518,760,1229,0,0,0,0,0,0,760,1229,0.0635,1181,1739
1996.8333,1996,40,5746,5533,762,1244,0,0,0,0,0,0,762,1244,0.0632,1191,1756
1996.9167,1996,44,5757,5557,771,1254,0,0,0,0,0,0,771,1254,0.0629,1206,1772
1997.0000,1997,0,5769,5558,781,1263,0,0,0,0,0,0,781,1263,0.0627,1221,1791
1997.0833,1997,4,5783,5571,791,1268,0,0,0,0,0,0,791,1268,0.0629,1233,1803
1997.1667,1997,8,5811,5590,793,1272,0,0,0,0,0,0,793,1272,0.0633,1242,1814
1997.2500,1997,12,5815,5592,800,1281,0,0,0,0,0,0,800,1281,0.0635,1253,1832
1997.3333,1997,16,5835,5596,806,1287,0,0,0,0,0,0,806,1287,0.0631,1264,1845
1997.4167,1997,20,5858,5619,815,1302,0,0,0,0,0,0,815,1302,0.0630,1278,1872
1997.5000,1997,24,5871,5630,821,1314,0,0,0,0,0,0,821,1314,0.0630,1289,1890
1997.5833,1997,28,5879,5634,826,1321,0,0,0,0,0,0,826,1321,0.0629,1298,1905
1997.6667,1997,32,5891,5660,824,1328,0,0,0,0,0,0,824,1328,0.0630,1305,1916
1997.7500,1997,36,5890,5655,826,1328,0,0,0,0,0,0,826,1328,0.0630,1316,1929
1997.8333,1997,40,5891,5659,830,1333,0,0,0,0,0,0,830,1333,0.0630,1330,1938
1997.9167,1997,44,5922,5690,835,1342,0,0,0,0,0,0,835,1342,0.0632,1341,1955
1998.0000,1998,0,5928,5691,839,1339,0,0,0,0,0,0,839,1339,0.0633,1350,1962
1998.0833,1998,4,5943,5705,847,1343,0,0,0,0,0,0,847,1343,0.0633,1368,1975
1998.1667,1998,8,5958,5726,861,1353,0,0,0,0,0,0,861,1353,0.0638,1385,1992
1998.2500,1998,12,5965,5734,863,1362,0,0,0,0,0,0,863,1362,0.0635,1395,2010
1998.3333,1998,16,5977,5758,868,1366,0,0,0,0,0,0,868,1366,0.0636,1408,2025
1998.4167,1998,20,6004,5778,866,1368,0,0,0,0,0,0,866,1368,0.0636,1416,2041
1998.5000,1998,24,6006,5781,870,1377,0,0,0,0,0,0,870,1377,0.0634,1427,2056
1998.5833,1998,28,6037,5791,882,1387,0,0,0,0,0,0,882,1387,0.0631,1447,2077
1998.6667,1998,32,6052,5814,893,1397,0,0,0,0,0,0,893,1397,0.0631,1467,2095
1998.7500,1998,36,6053,5820,900,1406,0,0,0,0,0,0,900,1406,0.0631,1484,2116
1998.8333,1998,40,6069,5827,904,1413,0,0,0,0,0,0,904,1413,0.0634,1499,2135
1998.9167,1998,44,6096,5836,912,1419,0,0,0,0,0,0,912,1419,0.0630,1515,2150
1999.0000,1999,0,6108,5838,910,1433,0,0,0,0,0,0,910,1433,0.0630,1522,2170
1999.0833,1999,4,6126,5856,913,1440,0,0,0,0,0,0,913,1440,0.0633,1534,2185
1999.1667,1999,8,6143,5884,921,1454,0,0,0,0,0,0,921,1454,0.0632,1548,2208
1999.2500,1999,12,6145,5881,924,1453,0,0,0,0,0,0,924,1453,0.0628,1558,2220
1999.3333,1999,16,6176,5898,932,1454,0,0,0,0,0,0,932,1454,0.0630,1576,2238
1999.4167,1999,20,6199,5900,931,1453,0,0,0,0,0,0,931,1453,0.0634,1586,2253
1999.5000,1999,24,6205,5915,937,1459,0,0,0,0,0,0,937,1459,0.0633,1600,2268
1999.5833,1999,28,6232,5938,957,1464,0,0,0,0,0,0,957,1464,0.0631,1620,2283
1999.6667,1999,32,6264,5962,963,1464,0,0,0,0,0,0,963,1464,0.0632,1630,2295
1999.7500,1999,36,6272,5976,969,1472,0,0,0,0,0,0,969,1472,0.0635,1643,2314
1999.8333,1999,40,6294,5989,977,1475,0,0,0,0,0,0,977,1475,0.0637,1655,2325
1999.9167,1999,44,6307,6011,977,1482,0,0,0,0,0,0,977,1482,0.0633,1664,2343
2000.0000,2000,0,6321,6019,975,1490,0,0,0,0,0,0,975,1490,0.0626,1671,2363
2000.0833,2000,4,6348,6014,980,1504,4,6,0,0,0,0,976,1498,0.0625,1681,2387
2000.1667,2000,8,6376,6029,987,1501,6,14,0,0,0,0,981,1487,0.0626,1692,2401
2000.2500,2000,12,6384,6029,993,1503,9,29,0,0,0,0,984,1474,0.0630,1708,2418
2000.3333,2000,16,6401,6045,997,1509,12,35,0,0,0,0,985,1474,0.0630,1721,2433
2000.4167,2000,20,6421,6065,998,1514,16,47,0,0,0,0,982,1467,0.0628,1734,2449
2000.5000,2000,24,6418,6062,1002,1530,18,61,0,0,0,0,984,1469,0.0626,1749,2476
2000.5833,2000,28,6431,6090,1014,1546,21,70,0,0,0,0,993,1476,0.0624,1767,2499
2000.6667,2000,32,6469,6110,1011,1556,23,83,0,0,0,0,988,1473,0.0621,1775,2518
2000.7500,2000,36,6469,6113,1020,1558,29,89,0,0,0,0,991,1469,0.0621,1791,2535
2000.8333,2000,40,6495,6118,1025,1558,32,96,0,0,0,0,993,1462,0.0617,1803,2553
2000.9167,2000,44,6524,6139,1029,1564,36,106,0,0,0,0,993,1458,0.0622,1811,2568
2001.0000,2001,0,6539,6141,1031,1562,37,116,0,0,0,0,994,1446,0.0624,1818,2583
2001.0833,2001,4,6556,6152,1042,1564,39,136,0,0,0,0,1003,1428,0.0625,1835,2597
2001.1667,2001,8,6596,6166,1050,1578,43,146,0,0,0,0,1007,1432,0.0625,1850,2621
2001.2500,2001,12,6602,6168,1057,1583,43,150,0,0,0,0,1014,1433,0.0623,1864,2637
2001.3333,2001,16,6631,6200,1068,1611,44,160,0,0,0,0,1024,1451,0.0621,1882,2669
2001.4167,2001,20,6666,6226,1081,1617,47,169,0,0,0,0,1034,1448,0.0621,1901,2688
2001.5000,2001,24,6683,6233,1092,1631,49,180,0,0,0,0,1043,1451,0.0625,1918,2716
2001.5833,2001,28,6695,6261,1095,1637,55,182,0,0,0,0,1040,1455,0.0620,1935,2734
2001.6667,2001,32,6724,6284,1098,1636,58,186,0,0,0,0,1040,1450,0.0625,1947,2748
2001.7500,2001,36,6728,6297,1106,1644,65,195,0,0,0,0,1041,1449,0.0621,1963,2765
2001.8333,2001,40,6741,6315,1117,1654,65,207,0,0,0,0,1052,1447,0.0623,1983,2783
2001.9167,2001,44,6768,6328,1116,1660,67,215,0,0,0,0,1049,1445,0.0619,1993,2802
2002.0000,2002,0,6774,6336,1122,1677,69,216,0,0,0,0,1053,1461,0.0621,2005,2833
2002.0833,2002,4,6789,6359,1128,1690,73,225,0,0,0,0,1055,1465,0.0619,2018,2855
2002.1667,2002,8,6818,6382,1127,1694,74,237,0,0,0,0,1053,1457,0.0620,2030,2869
2002.2500,2002,12,6817,6390,1131,1704,77,249,0,0,0,0,1054,1455,0.0619,2046,2886
2002.3333,2002,16,6828,6395,1131,1709,80,258,0,0,0,0,1051,1451,0.0620,2062,2899
2002.4167,2002,20,6839,6422,1134,1718,83,264,0,0,0,0,1051,1454,0.0620,2081,2915
2002.5000,2002,24,6846,6424,1137,1724,84,273,0,0,0,0,1053,1451,0.0624,2094,2933
2002.5833,2002,28,6862,6435,1134,1734,83,288,0,0,0,0,1051,1446,0.0627,2105,2955
2002.6667,2002,32,6889,6452,1147,1735,84,300,0,0,0,0,1063,1435,0.0627,2122,2973
2002.7500,2002,36,6893,6450,1153,1734,83,316,0,0,0,0,1070,1418,0.0631,2139,2988
2002.8333,2002,40,6899,6463,1156,1736,87,325,0,0,0,0,1069,1411,0.0636,2151,3007
2002.9167,2002,44,6915,6479,1168,1738,90,337,0,0,0,0,1078,1401,0.0636,2170,3027
2003.0000,2003,0,6915,6485,1181,1755,92,343,0,0,0,0,1089,1412,0.0638,2193,3054
2003.0833,2003,4,6928,6515,1184,1765,96,355,0,0,0,0,1088,1410,0.0642,2207,3072
2003.1667,2003,8,6949,6537,1179,1767,99,363,0,0,0,0,1080,1404,0.0639,2216,3090
2003.2500,2003,12,6946,6535,1172,1765,100,364,0,0,0,0,1072,1401,0.0638,2225,3105
2003.3333,2003,16,6967,6551,1171,1782,101,380,0,0,0,0,1070,1402,0.0642,2235,3126
2003.4167,2003,20,7003,6564,1170,1783,101,386,0,0,0,0,1069,1397,0.0641,2242,3139
2003.5000,2003,24,7015,6568,1185,1788,107,403,0,0,0,0,1078,1385,0.0641,2264,3157
2003.5833,2003,28,7040,6572,1193,1786,111,406,0,0,0,0,1082,1380,0.0643,2280,3173
2003.6667,2003,32,7064,6584,1189,1783,111,418,0,0,0,0,1078,1365,0.0644,2291,3188
2003.7500,2003,36,7076,6580,1194,1791,113,428,0,0,0,0,1081,1363,0.0646,2308,3208
2003.8333,2003,40,7101,6603,1200,1803,114,440,0,0,0,0,1086,1363,0.0645,2321,3226
2003.9167,2003,44,7128,6626,1209,1805,120,444,0,0,0,0,1089,1361,0.0645,2334,3241
2004.0000,2004,0,7133,6620,1215,1804,119,447,0,0,0,0,1096,1357,0.0645,2351,3258
2004.0833,2004,4,7148,6632,1213,1805,120,455,0,0,0,0,1093,1350,0.0642,2366,3271
2004.1667,2004,8,7183,6659,1217,1820,122,475,1,0,0,0,1095,1345,0.0640,2377,3294
2004.2500,2004,12,7188,6667,1223,1826,129,484,1,3,0,0,1094,1342,0.0639,2394,3315
2004.3333,2004,16,7213,6676,1228,1824,135,499,2,5,1,2,1093,1325,0.0636,2408,3326
2004.4167,2004,20,7227,6697,1234,1824,144,502,5,5,2,4,1090,1322,0.0634,2424,3342
2004.5000,2004,24,7239,6703,1240,1831,146,508,6,9,3,6,1094,1323,0.0631,2445,3364
2004.5833,2004,28,7262,6714,1246,1836,154,520,5,14,4,10,1092,1316,0.0633,2460,3386
2004.6667,2004,32,7289,6745,1252,1844,158,525,7,19,5,13,1094,1319,0.0632,2473,3408
2004.7500,2004,36,7302,6753,1267,1849,162,540,8,26,5,16,1105,1309,0.0633,2491,3426
2004.8333,2004,40,7309,6777,1273,1859,164,544,10,35,7,21,1109,1315,0.0632,2503,3450
2004.9167,2004,44,7359,6798,1277,1868,167,550,14,40,10,26,1110,1318,0.0629,2516,3473
2005.0000,2005,0,7372,6799,1287,1873,175,562,16,51,12,36,1112,1311,0.0629,2537,3493
2005.0833,2005,4,7389,6811,1300,1873,182,566,22,56,14,40,1118,1307,0.0628,2559,3510
2005.1667,2005,8,7414,6848,1307,1880,190,577,27,63,20,48,1117,1303,0.0631,2575,3528
2005.2500,2005,12,7434,6855,1316,1886,195,584,28,66,24,55,1121,1302,0.0631,2591,3547
2005.3333,2005,16,7447,6880,1325,1894,200,587,30,73,25,57,1125,1307,0.0631,2609,3569
2005.4167,2005,20,7491,6900,1332,1899,208,590,35,72,28,59,1124,1309,0.0629,2624,3592
2005.5000,2005,24,7518,6912,1339,1907,211,597,35,74,31,66,1128,1310,0.0628,2640,3607
2005.5833,2005,28,7531,6931,1345,1915,210,608,39,78,32,70,1135,1307,0.0632,2655,3623
2005.6667,2005,32,7576,6957,1363,1922,216,620,42,85,33,71,1147,1302,0.0630,2678,3640
2005.7500,2005,36,7593,6972,1377,1928,221,634,47,90,39,76,1156,1294,0.0635,2698,3655
2005.8333,2005,40,7617,6991,1383,1946,222,642,47,96,41,83,1161,1304,0.0635,2713,3678
2005.9167,2005,44,7646,7021,1386,1974,230,652,49,102,42,87,1156,1322,0.0636,2725,3710
2006.0000,2006,0,7655,7035,1393,1978,244,659,53,110,45,90,1149,1319,0.0634,2741,3724
2006.0833,2006,4,7674,7046,1390,1983,276,707,54,114,44,103,1114,1276,0.0632,2753,3738
2006.1667,2006,8,7712,7083,1399,1994,300,749,55,119,46,106,1099,1245,0.0633,2768,3761
2006.2500,2006,12,7724,7096,1402,1997,320,803,59,127,50,110,1082,1194,0.0634,2779,3775
2006.3333,2006,16,7750,7105,1405,2000,339,842,65,130,52,117,1066,1158,0.0631,2790,3798
2006.4167,2006,20,7765,7140,1403,2017,364,897,72,136,53,122,1039,1120,0.0627,2803,3822
2006.5000,2006,24,7774,7145,1400,2027,381,961,76,137,58,127,1019,1066,0.0626,2817,3844
2006.5833,2006,28,7801,7171,1413,2045,401,1015,78,144,66,129,1012,1030,0.0629,2835,3867
2006.6667,2006,32,7837,7199,1418,2047,421,1065,80,146,69,134,997,982,0.0628,2852,3886
2006.7500,2006,36,7854,7199,1422,2053,437,1126,82,153,71,139,985,927,0.0626,2865,3901
2006.8333,2006,40,7879,7224,1423,2055,458,1179,84,157,74,145,965,876,0.0631,2875,3914
2006.9167,2006,44,7912,7255,1432,2063,492,1236,84,162,77,147,940,827,0.0633,2896,3930
2007.0000,2007,0,7922,7254,1433,2064,517,1272,92,170,80,154,916,792,0.0631,2908,3951
2007.0833,2007,4,7951,7279,1443,2075,540,1290,97,170,84,160,903,785,0.0631,2928,3974
2007.1667,2007,8,7983,7327,1450,2093,561,1316,101,178,90,166,889,777,0.0631,2942,3999
2007.2500,2007,12,7997,7345,1446,2105,579,1355,104,185,92,169,867,750,0.0635,2953,4020
2007.3333,2007,16,8010,7366,1445,2114,599,1392,108,184,95,172,846,722,0.0629,2966,4038
2007.4167,2007,20,8048,7401,1447,2128,611,1421,111,195,100,180,836,707,0.0629,2977,4064
2007.5000,2007,24,8052,7424,1443,2141,622,1454,117,204,102,187,821,687,0.0628,2988,4085
2007.5833,2007,28,8080,7429,1446,2144,639,1489,123,213,108,195,807,655,0.0631,3002,4103
2007.6667,2007,32,8105,7462,1448,2154,656,1517,128,215,110,198,792,637,0.0632,3013,4123
2007.7500,2007,36,8115,7484,1453,2164,669,1550,126,223,114,204,784,614,0.0632,3027,4139
2007.8333,2007,40,8134,7511,1452,2178,680,1582,131,226,113,209,772,596,0.0636,3039,4157
2007.9167,2007,44,8180,7540,1468,2190,706,1614,133,235,118,213,762,576,0.0639,3062,4177
2008.0000,2008,0,8187,7541,1482,2196,717,1639,135,237,118,215,765,557,0.0641,3087,4194
2008.0833,2008,4,8197,7564,1498,2203,739,1650,136,244,123,221,759,553,0.0642,3117,4211
2008.1667,2008,8,8242,7605,1504,2217,751,1673,137,246,125,226,753,544,0.0639,3134,4231
2008.2500,2008,12,8251,7601,1512,2215,769,1673,136,255,125,226,743,542,0.0644,3150,4247
2008.3333,2008,16,8287,7612,1517,2226,781,1682,143,261,126,237,736,544,0.0642,3166,4273
2008.4167,2008,20,8319,7643,1524,2227,791,1689,149,266,132,244,733,538,0.0641,3185,4284
2008.5000,2008,24,8328,7669,1530,2249,807,1713,153,270,139,248,723,536,0.0644,3197,4309
2008.5833,2008,28,8353,7688,1535,2263,823,1747,157,270,140,249,712,516,0.0640,3213,4329
2008.6667,2008,32,8368,7721,1540,2268,838,1752,161,276,145,255,702,516,0.0642,3229,4357
2008.7500,2008,36,8380,7731,1548,2281,851,1771,163,280,140,259,697,510,0.0643,3244,4380
2008.8333,2008,40,8399,7755,1557,2296,863,1804,171,288,146,263,694,492,0.0649,3263,4407
2008.9167,2008,44,8438,7780,1566,2308,875,1826,173,291,152,262,691,482,0.0645,3279,4431
2009.0000,2009,0,8456,7801,1570,2308,884,1846,178,287,154,265,686,462,0.0646,3294,4444
2009.0833,2009,4,8490,7827,1571,2316,892,1847,175,294,154,268,679,469,0.0648,3307,4464
2009.1667,2009,8,8527,7862,1579,2332,900,1852,175,291,153,271,679,480,0.0652,3323,4491
2009.2500,2009,12,8539,7882,1574,2343,899,1867,170,294,150,275,675,476,0.0648,3336,4509
2009.3333,2009,16,8562,7890,1577,2339,910,1880,169,297,151,278,667,459,0.0646,3351,4521
2009.4167,2009,20,8593,7918,1584,2349,918,1892,171,303,154,281,666,457,0.0647,3367,4546
2009.5000,2009,24,8598,7924,1585,2356,915,1906,169,304,154,283,670,450,0.0648,3384,4562
2009.5833,2009,28,8595,7929,1591,2357,918,1905,169,304,150,285,673,452,0.0646,3410,4587
2009.6667,2009,32,8618,7972,1591,2374,922,1926,166,313,151,286,669,448,0.0644,3427,4611
2009.7500,2009,36,8621,7976,1598,2387,935,1942,172,314,154,292,663,445,0.0645,3447,4636
2009.8333,2009,40,8644,8005,1607,2401,947,1951,172,328,155,296,660,450,0.0643,3468,4662
2009.9167,2009,44,8668,8041,1600,2415,947,1978,176,332,155,305,653,437,0.0641,3479,4683
2010.0000,2010,0,8688,8065,1610,2438,953,1993,179,333,159,313,657,445,0.0641,3500,4712
2010.0833,2010,4,8700,8082,1610,2442,952,1994,184,336,164,313,658,448,0.0644,3513,4732
2010.1667,2010,8,8745,8105,1614,2443,958,2002,178,343,163,316,656,441,0.0644,3528,4746
2010.2500,2010,12,8759,8119,1622,2466,972,2016,187,345,170,324,650,450,0.0643,3543,4772
2010.3333,2010,16,8794,8144,1632,2481,989,2029,188,353,175,328,643,452,0.0655,3564,4798
2010.4167,2010,20,8830,8164,1633,2490,997,2051,191,364,176,334,636,439,0.0669,3576,4816
2010.5000,2010,24,8854,8160,1637,2489,1002,2053,196,364,180,339,635,436,0.0689,3588,4839
2010.5833,2010,28,8881,8187,1641,2490,1003,2062,195,369,181,340,638,428,0.0715,3603,4851
2010.6667,2010,32,8919,8222,1651,2488,1020,2078,199,381,182,348,631,410,0.0748,3620,4863
2010.7500,2010,36,8934,8232,1665,2491,1031,2083,204,390,188,361,634,408,0.0787,3641,4878
2010.8333,2010,40,8964,8250,1675,2496,1044,2086,208,395,192,367,631,410,0.0831,3660,4903
2010.9167,2010,44,8993,8291,1677,2505,1054,2095,211,401,193,377,623,410,0.0872,3675,4919
2011.0000,2011,0,9000,8301,1690,2510,1064,2099,216,407,197,381,626,411,0.0933,3696,4936
2011.0833,2011,4,9022,8332,1691,2519,1063,2107,214,415,195,386,628,412,0.1010,3709,4954
2011.1667,2011,8,9053,8363,1698,2531,1064,2120,223,431,202,392,634,411,0.1076,3731,4973
2011.2500,2011,12,9073,8364,1710,2536,1073,2110,228,446,204,400,637,426,0.1143,3751,4998
2011.3333,2011,16,9115,8396,1714,2542,1087,2120,241,459,214,415,627,422,0.1193,3761,5015
2011.4167,2011,20,9164,8431,1727,2555,1094,2124,246,477,218,425,633,431,0.1257,3782,5039
2011.5000,2011,24,9178,8443,1728,2563,1098,2127,255,501,221,439,630,436,0.1330,3795,5061
2011.5833,2011,28,9197,8463,1735,2571,1103,2140,275,522,232,455,632,431,0.1388,3813,5082
2011.6667,2011,32,9232,8485,1737,2572,1104,2151,285,549,245,478,633,421,0.1444,3828,5100
2011.7500,2011,36,9235,8488,1740,2584,1104,2157,300,572,260,503,636,427,0.1489,3847,5128
2011.8333,2011,40,9256,8517,1749,2588,1113,2158,319,590,270,522,636,430,0.1549,3865,5147
2011.9167,2011,44,9291,8542,1763,2593,1132,2176,334,613,286,540,631,417,0.1608,3883,5168
2012.0000,2012,0,9309,8572,1761,2599,1139,2185,343,635,298,558,622,414,0.1676,3895,5188
2012.0833,2012,4,9322,8586,1757,2605,1142,2187,359,660,303,586,615,418,0.1732,3910,5206
2012.1667,2012,8,9364,8618,1753,2611,1145,2197,363,680,311,603,608,414,0.1787,3916,5224
2012.2500,2012,12,9369,8644,1747,2607,1153,2199,378,692,324,619,594,408,0.1855,3929,5239
2012.3333,2012,16,9390,8665,1760,2615,1164,2205,384,701,337,641,596,410,0.1898,3953,5264
2012.4167,2012,20,9425,8702,1765,2630,1176,2215,395,718,340,651,589,415,0.1948,3965,5287
2012.5000,2012,24,9446,8712,1769,2629,1178,2221,395,730,352,654,591,408,0.2019,3978,5304
2012.5833,2012,28,9460,8737,1771,2640,1183,2236,405,747,357,678,588,404,0.2071,3994,5331
2012.6667,2012,32,9498,8766,1777,2647,1198,2244,408,768,363,696,579,403,0.2127,4010,5348
2012.7500,2012,36,9526,8788,1779,2645,1206,2247,417,786,370,711,573,398,0.2191,4022,5363
2012.8333,2012,40,9549,8812,1771,2664,1198,2265,417,802,373,721,573,399,0.2242,4034,5396
2012.9167,2012,44,9588,8850,1775,2672,1207,2276,421,808,377,732,568,396,0.2297,4048,5420
2013.0000,2013,0,9607,8873,1782,2676,1217,2276,420,811,381,742,565,400,0.2356,4069,5439
2013.0833,2013,4,9628,8894,1781,2681,1221,2286,426,819,381,747,560,395,0.2413,4078,5454
2013.1667,2013,8,9653,8931,1785,2691,1220,2290,430,823,381,750,565,401,0.2475,4098,5475
2013.2500,2013,12,9670,8941,1792,2690,1231,2292,435,828,392,757,561,398,0.2531,4114,5489
2013.3333,2013,16,9696,8974,1799,2710,1234,2300,442,834,393,756,565,410,0.2587,4129,5517
2013.4167,2013,20,9729,9015,1798,2717,1237,2307,446,836,395,763,561,410,0.2629,4145,5536
2013.5000,2013,24,9751,9026,1803,2733,1247,2312,454,849,400,771,556,421,0.2687,4160,5564
2013.5833,2013,28,9774,9059,1804,2743,1251,2319,453,860,403,782,553,424,0.2744,4173,5589
2013.6667,2013,32,9809,9110,1805,2759,1263,2336,456,866,405,790,542,423,0.2798,4183,5610
2013.7500,2013,36,9831,9121,1806,2769,1269,2355,455,873,405,797,537,414,0.2867,4194,5630
2013.8333,2013,40,9855,9155,1812,2788,1278,2367,459,878,410,803,534,421,0.2921,4210,5658
2013.9167,2013,44,9899,9193,1808,2800,1280,2385,461,890,410,809,528,415,0.2980,4225,5680
2014.0000,2014,0,9907,9205,1804,2816,1280,2404,463,895,406,817,524,412,0.3040,4234,5706
2014.0833,2014,4,9937,9240,1809,2824,1280,2415,462,897,414,829,529,409,0.3100,4250,5727
2014.1667,2014,8,9994,9286,1810,2835,1278,2431,463,906,416,830,532,404,0.3156,4261,5745
2014.2500,2014,12,10000,9302,1803,2837,1284,2433,460,914,412,834,519,404,0.3213,4270,5766
2014.3333,2014,16,10035,9321,1807,2845,1290,2441,475,917,415,840,517,404,0.3245,4283,5792
2014.4167,2014,20,10070,9374,1815,2851,1292,2450,482,924,420,842,523,401,0.3290,4300,5814
2014.5000,2014,24,10092,9388,1823,2869,1306,2461,491,935,432,850,517,408,0.3337,4313,5843
2014.5833,2014,28,10100,9412,1813,2873,1301,2476,492,938,435,852,512,397,0.3385,4324,5860
2014.6667,2014,32,10146,9457,1817,2879,1309,2491,495,946,441,858,508,388,0.3430,4343,5880
2014.7500,2014,36,10150,9468,1818,2885,1307,2497,490,953,438,865,511,388,0.3479,4359,5899
2014.8333,2014,40,10181,9498,1830,2895,1312,2506,497,963,443,879,518,389,0.3526,4376,5917
2014.9167,2014,44,10204,9546,1833,2896,1314,2526,506,985,448,890,519,370,0.3568,4395,5927
2015.0000,2015,0,10213,9571,1830,2894,1321,2538,516,1003,455,908,509,356,0.3621,4402,5941
2015.0833,2015,4,10225,9589,1823,2889,1312,2530,515,1028,463,924,511,359,0.3673,4416,5956
2015.1667,2015,8,10257,9637,1829,2886,1316,2529,521,1051,470,937,513,357,0.3715,4435,5971
2015.2500,2015,12,10288,9646,1830,2878,1316,2528,525,1068,473,966,514,350,0.3769,4445,5984
2015.3333,2015,16,10321,9665,1832,2879,1319,2530,535,1079,476,981,513,349,0.3809,4456,6004
2015.4167,2015,20,10351,9697,1830,2882,1311,2524,542,1090,476,1002,519,358,0.3853,4474,6021
2015.5000,2015,24,10363,9707,1824,2886,1310,2534,550,1106,484,1011,514,352,0.3879,4484,6038
2015.5833,2015,28,10393,9714,1824,2877,1312,2535,561,1129,493,1029,512,342,0.3925,4496,6051
2015.6667,2015,32,10427,9762,1826,2889,1315,2543,569,1138,499,1051,511,346,0.3955,4508,6073
2015.7500,2015,36,10452,9776,1830,2901,1322,2546,575,1159,510,1071,508,355,0.3991,4521,6100
2015.8333,2015,40,10478,9802,1827,2911,1321,2548,590,1163,519,1080,506,363,0.4030,4532,6125
2015.9167,2015,44,10524,9829,1822,2913,1319,2559,589,1172,523,1089,503,354,0.4068,4539,6141
2016.0000,2016,0,10554,9845,1822,2917,1326,2564,592,1191,526,1096,496,353,0.4111,4546,6163
2016.0833,2016,4,10579,9865,1822,2919,1325,2556,600,1195,531,1102,497,363,0.4136,4559,6186
2016.1667,2016,8,10620,9921,1812,2932,1319,2557,599,1215,535,1121,493,375,0.4183,4571,6213
2016.2500,2016,12,10646,9948,1805,2952,1323,2567,600,1235,538,1134,482,385,0.4218,4577,6240
2016.3333,2016,16,10655,9986,1796,2958,1316,2578,596,1243,538,1141,480,380,0.4254,4582,6255
2016.4167,2016,20,10702,10014,1792,2962,1317,2593,599,1248,532,1152,475,369,0.4295,4589,6270
2016.5000,2016,24,10716,10018,1787,2967,1318,2589,601,1254,527,1155,469,378,0.4329,4597,6294
2016.5833,2016,28,10739,10055,1787,2971,1320,2604,610,1281,538,1174,467,367,0.4354,4606,6307
2016.6667,2016,32,10784,10084,1775,2963,1311,2602,611,1294,535,1186,464,361,0.4378,4612,6321
2016.7500,2016,36,10800,10099,1768,2961,1308,2615,612,1314,535,1202,460,346,0.4413,4622,6332
2016.8333,2016,40,10824,10125,1754,2963,1303,2622,623,1336,537,1222,451,341,0.4459,4627,6348
2016.9167,2016,44,10869,10166,1753,2969,1310,2634,641,1357,555,1249,443,335,0.4482,4637,6367
2017.0000,2017,0,10882,10190,1758,2982,1310,2652,642,1381,568,1258,448,330,0.4521,4653,6387
2017.0833,2017,4,10919,10210,1755,2977,1310,2652,653,1399,572,1280,445,325,0.4540,4660,6398
2017.1667,2017,8,10964,10253,1763,2985,1309,2655,660,1417,576,1302,454,330,0.4562,4673,6414
2017.2500,2017,12,10975,10265,1763,2992,1321,2653,679,1436,594,1313,442,339,0.4589,4681,6434
2017.3333,2017,16,10995,10289,1753,2993,1317,2651,688,1463,599,1320,436,342,0.4626,4688,6449
2017.4167,2017,20,11042,10327,1747,2991,1313,2661,689,1490,609,1348,434,330,0.4651,4699,6460
2017.5000,2017,24,11060,10343,1738,2986,1313,2652,697,1487,619,1360,425,334,0.4687,4704,6476
2017.5833,2017,28,11086,10372,1729,2981,1301,2657,691,1498,620,1367,428,324,0.4723,4715,6488
2017.6667,2017,32,11108,10414,1728,2978,1300,2660,694,1523,621,1382,428,318,0.4757,4730,6499
2017.7500,2017,36,11116,10434,1718,2979,1295,2662,691,1540,616,1393,423,317,0.4804,4737,6513
2017.8333,2017,40,11146,10466,1711,2991,1294,2680,683,1553,614,1413,417,311,0.4845,4745,6534
2017.9167,2017,44,11194,10501,1711,2997,1298,2697,689,1559,615,1421,413,300,0.4882,4755,6549
2018.0000,2018,0,11204,10515,1703,2997,1298,2701,692,1576,617,1430,405,296,0.4913,4763,6562
2018.0833,2018,4,11244,10534,1701,2992,1295,2695,690,1577,619,1442,406,297,0.4939,4773,6577
2018.1667,2018,8,11277,10579,1699,2987,1306,2699,691,1587,615,1460,393,288,0.4972,4781,6586
2018.2500,2018,12,11284,10579,1694,2990,1306,2697,697,1596,623,1467,388,293,0.5009,4787,6603
2018.3333,2018,16,11308,10608,1689,2997,1303,2698,692,1602,617,1476,386,299,0.5035,4798,6626
2018.4167,2018,20,11355,10664,1682,2997,1296,2702,690,1612,616,1484,386,295,0.5056,4807,6636
2018.5000,2018,24,11373,10685,1678,3000,1297,2707,683,1627,615,1494,381,293,0.5077,4815,6650
2018.5833,2018,28,11415,10715,1678,3002,1298,2714,690,1630,617,1496,380,288,0.5100,4829,6662
2018.6667,2018,32,11447,10750,1681,3002,1302,2710,692,1652,623,1508,379,292,0.5114,4838,6678
2018.7500,2018,36,11454,10765,1681,2998,1298,2716,687,1659,621,1517,383,282,0.5144,4851,6691
2018.8333,2018,40,11485,10798,1680,3006,1297,2733,687,1667,618,1527,383,273,0.5167,4859,6705
2018.9167,2018,44,11535,10845,1679,3011,1299,2736,686,1672,624,1536,380,275,0.5183,4867,6723
2019.0000,2019,0,11538,10872,1670,3010,1291,2733,684,1679,619,1543,379,277,0.5197,4874,6737
2019.0833,2019,4,11566,10918,1668,3020,1287,2727,685,1683,615,1550,381,293,0.5222,4884,6758
2019.1667,2019,8,11616,10973,1669,3033,1288,2726,681,1688,610,1554,381,307,0.5242,4897,6784
2019.2500,2019,12,11630,10986,1654,3035,1282,2731,686,1687,613,1553,372,304,0.5261,4901,6801
2019.3333,2019,16,11660,11017,1646,3034,1278,2728,686,1690,610,1552,368,306,0.5284,4908,6814
2019.4167,2019,20,11707,11067,1637,3032,1277,2725,684,1693,614,1558,360,307,0.5298,4913,6828
2019.5000,2019,24,11724,11094,1637,3026,1275,2726,688,1691,611,1560,362,300,0.5323,4922,6840
2019.5833,2019,28,11746,11118,1637,3023,1273,2732,690,1689,614,1558,364,291,0.5360,4935,6855
2019.6667,2019,32,11781,11150,1637,3027,1270,2731,689,1692,612,1558,367,296,0.5387,4947,6872
2019.7500,2019,36,11786,11162,1633,3036,1261,2730,687,1697,607,1561,372,306,0.5417,4964,6894
2019.8333,2019,40,11814,11189,1635,3032,1254,2727,689,1691,607,1565,381,305,0.5449,4978,6906
2019.9167,2019,44,11871,11229,1638,3037,1259,2732,685,1701,611,1569,379,305,0.5480,4989,6921
2020.0000,2020,0,11884,11266,1633,3053,1260,2741,686,1708,617,1569,373,312,0.5510,4997,6944
2020.0833,2020,4,11911,11291,1632,3060,1255,2747,690,1712,614,1575,377,313,0.5530,5007,6961
2020.1667,2020,8,11952,11351,1633,3084,1257,2750,693,1724,618,1587,376,334,0.5548,5017,6994
2020.2500,2020,12,11967,11365,1626,3081,1253,2744,696,1717,617,1589,373,337,0.5572,5026,7013
2020.3333,2020,16,12012,11404,1617,3083,1253,2744,694,1725,615,1595,364,339,0.5603,5033,7030
2020.4167,2020,20,12062,11457,1608,3081,1245,2736,697,1726,614,1595,363,345,0.5625,5038,7046
2020.5000,2020,24,12067,11484,1599,3078,1239,2740,689,1739,612,1601,360,338,0.5655,5045,7059
2020.5833,2020,28,12100,11505,1605,3080,1240,2736,696,1740,614,1599,365,344,0.5672,5059,7077
2020.6667,2020,32,12139,11553,1595,3094,1231,2737,687,1742,612,1600,364,357,0.5697,5067,7105
2020.7500,2020,36,12165,11577,1598,3095,1227,2745,680,1748,611,1604,371,350,0.5722,5080,7122
2020.8333,2020,40,12199,11611,1597,3099,1230,2755,679,1760,607,1615,367,344,0.5737,5089,7140
2020.9167,2020,44,12237,11659,1596,3102,1231,2749,677,1768,603,1624,365,353,0.5754,5098,7164
2021.0000,2021,0,12254,11666,1599,3106,1240,2745,678,1760,603,1628,359,361,0.5778,5109,7186
2021.0833,2021,4,12265,11705,1599,3105,1237,2731,675,1757,604,1624,362,374,0.5790,5120,7206
2021.1667,2021,8,12305,11763,1589,3097,1226,2729,666,1753,596,1617,363,368,0.5808,5129,7215
2021.2500,2021,12,12319,11789,1585,3098,1222,2736,672,1755,596,1621,363,362,0.5824,5137,7230
2021.3333,2021,16,12342,11825,1587,3090,1228,2731,669,1745,595,1622,359,359,0.5840,5147,7241
2021.4167,2021,20,12378,11872,1585,3097,1228,2735,663,1762,594,1625,357,362,0.5856,5156,7260
2021.5000,2021,24,12392,11890,1583,3098,1225,2736,664,1763,592,1621,358,362,0.5881,5169,7280
2021.5833,2021,28,12432,11924,1582,3115,1232,2737,664,1759,585,1631,350,378,0.5901,5178,7308
2021.6667,2021,32,12467,11965,1574,3114,1227,2742,656,1760,585,1634,347,372,0.5920,5183,7319
2021.7500,2021,36,12484,11974,1575,3104,1232,2740,651,1762,583,1641,343,364,0.5944,5192,7333
2021.8333,2021,40,12508,12007,1568,3104,1233,2754,656,1765,588,1642,335,350,0.5965,5195,7347
2021.9167,2021,44,12538,12056,1561,3104,1231,2762,649,1778,585,1654,330,342,0.5979,5205,7361
2022.0000,2022,0,12564,12073,1557,3104,1227,2765,656,1797,582,1660,330,339,0.6011,5214,7376
2022.0833,2022,4,12604,12102,1552,3108,1227,2766,654,1808,580,1683,325,342,0.6028,5219,7390
2022.1667,2022,8,12639,12150,1545,3125,1225,2769,653,1805,591,1690,320,356,0.6053,5226,7418
2022.2500,2022,12,12661,12167,1543,3126,1225,2767,658,1802,596,1692,318,359,0.6064,5233,7434
2022.3333,2022,16,12682,12211,1545,3132,1221,2768,659,1811,597,1695,324,364,0.6079,5246,7452
2022.4167,2022,20,12720,12287,1541,3149,1212,2785,655,1821,597,1706,329,364,0.6100,5259,7477
2022.5000,2022,24,12742,12309,1534,3157,1205,2791,654,1834,593,1713,329,366,0.6120,5268,7496
2022.5833,2022,28,12781,12336,1539,3154,1201,2792,662,1836,597,1709,338,362,0.6129,5282,7509
2022.6667,2022,32,12836,12399,1544,3155,1201,2795,654,1836,598,1710,343,360,0.6134,5295,7525
2022.7500,2022,36,12853,12403,1540,3153,1195,2801,649,1834,594,1711,345,352,0.6154,5304,7539
2022.8333,2022,40,12891,12444,1544,3155,1203,2809,645,1842,585,1728,341,346,0.6170,5316,7557
2022.9167,2022,44,12953,12498,1539,3161,1203,2823,644,1846,586,1730,336,338,0.6181,5324,7576
2023.0000,2023,0,12960,12521,1539,3164,1198,2822,647,1851,586,1731,341,342,0.6199,5338,7595
2023.0833,2023,4,12992,12555,1541,3154,1194,2816,646,1860,585,1736,347,338,0.6208,5350,7604
2023.1667,2023,8,13038,12610,1541,3166,1189,2822,649,1865,588,1742,352,344,0.6216,5360,7624
2023.2500,2023,12,13047,12629,1532,3174,1185,2831,640,1866,584,1741,347,343,0.6238,5369,7646
2023.3333,2023,16,13081,12662,1518,3171,1174,2828,636,1872,584,1754,344,343,0.6252,5375,7659
2023.4167,2023,20,13126,12709,1519,3173,1177,2842,634,1872,579,1762,342,331,0.6259,5385,7674
2023.5000,2023,24,13149,12724,1519,3166,1181,2836,631,1866,575,1754,338,330,0.6276,5394,7686
2023.5833,2023,28,13183,12758,1518,3175,1177,2845,634,1873,579,1759,341,330,0.6303,5403,7708
2023.6667,2023,32,13226,12790,1514,3175,1174,2843,632,1887,580,1764,340,332,0.6316,5412,7723
2023.7500,2023,36,13257,12822,1513,3180,1169,2856,623,1886,571,1772,344,324,0.6348,5424,7741
2023.8333,2023,40,13290,12852,1512,3173,1170,2852,623,1886,566,1774,342,321,0.6363,5433,7755
2023.9167,2023,44,13323,12912,1508,3173,1175,2856,631,1891,567,1774,333,317,0.6374,5440,7771
2024.0000,2024,0,13342,12933,1498,3168,1166,2856,633,1896,572,1776,332,312,0.6383,5447,7783
2024.0833,2024,4,13370,12993,1495,3165,1161,2858,636,1904,577,1784,334,307,0.6391,5458,7794
2024.1667,2024,8,13414,13039,1490,3171,1154,2857,632,1923,575,1798,336,314,0.6401,5466,7815
2024.2500,2024,12,13425,13049,1488,3168,1149,2850,626,1923,572,1804,339,318,0.6413,5473,7831
2024.3333,2024,16,13477,13099,1488,3176,1146,2859,623,1930,568,1819,342,317,0.6427,5484,7850
2024.4167,2024,20,13542,13148,1483,3174,1141,2857,612,1918,564,1818,342,317,0.6444,5495,7869
2024.5000,2024,24,13588,13160,1484,3169,1145,2852,611,1910,563,1814,339,317,0.6442,5504,7882
2024.5833,2024,28,13625,13200,1483,3178,1142,2861,615,1917,561,1807,341,317,0.6454,5514,7902
2024.6667,2024,32,13681,13244,1482,3186,1137,2858,614,1919,557,1808,345,328,0.6460,5525,7928
2024.7500,2024,36,13705,13270,1492,3189,1142,2868,613,1921,565,1809,350,321,0.6475,5540,7944
2024.8333,2024,40,13736,13321,1488,3195,1135,2880,614,1921,562,1811,353,315,0.6490,5548,7962
2024.9167,2024,44,13774,13350,1483,3197,1132,2881,619,1928,558,1806,351,316,0.6489,5554,7983
2025.0000,2025,0,13796,13361,1482,3200,1141,2880,619,1930,559,1817,341,320,0.6502,5561,8002
2025.0833,2025,4,13823,13401,1477,3204,1140,2888,618,1935,564,1821,337,316,0.6515,5570,8016
2025.1667,2025,8,13859,13456,1479,3201,1138,2888,622,1933,570,1820,341,313,0.6511,5585,8031
2025.2500,2025,12,13862,13470,1480,3198,1135,2886,619,1939,569,1822,345,312,0.6529,5596,8045
2025.3333,2025,16,13908,13499,1479,3199,1136,2888,620,1943,567,1826,343,311,0.6542,5603,8063
2025.4167,2025,20,13975,13550,1470,3202,1139,2890,620,1944,559,1830,331,312,0.6542,5607,8078
2025.5000,2025,24,13996,13580,1467,3206,1141,2890,622,1946,563,1841,326,316,0.6554,5614,8098
2025.5833,2025,28,14019,13621,1466,3213,1140,2896,618,1958,558,1842,326,317,0.6565,5622,8118
2025.6667,2025,32,14072,13680,1460,3214,1140,2902,618,1965,563,1860,320,312,0.6565,5626,8129
2025.7500,2025,36,14077,13693,1447,3215,1134,2901,619,1972,561,1853,313,314,0.6584,5633,8147
2025.8333,2025,40,14101,13735,1443,3221,1123,2913,625,1973,564,1856,320,308,0.6598,5645,8165
2025.9167,2025,44,14159,13788,1442,3236,1125,2924,621,1991,566,1867,317,312,0.6597,5652,8187
2026.0000,2026,0,14161,13801,1432,3243,1116,2924,621,1996,569,1870,316,319,0.6602,5658,8211
2026.0833,2026,4,14206,13837,1427,3243,1115,2915,619,1990,571,1881,312,328,0.6605,5664,8227
2026.1667,2026,8,14261,13882,1423,3244,1110,2910,614,1976,565,1876,313,334,0.6607,5671,8246
2026.2500,2026,12,14281,13888,1428,3238,1113,2899,620,1973,569,1869,315,339,0.6621,5685,8265
2026.3333,2026,16,14301,13913,1425,3241,1112,2895,615,1982,569,1875,313,346,0.6630,5695,8281
2026.4167,2026,20,14364,13965,1421,3234,1110,2894,622,1987,572,1880,311,340,0.6623,5701,8289
2026.5000,2026,24,14381,13978,1422,3243,1107,2899,624,1986,576,1887,315,344,0.6625,5711,8310
2026.5833,2026,28,14417,14018,1423,3246,1107,2897,622,1984,576,1882,316,349,0.6633,5723,8332
2026.6667,2026,32,14483,14066,1418,3254,1102,2905,621,1986,573,1885,316,349,0.6640,5729,8355
2026.7500,2026,36,14505,14077,1419,3256,1096,2906,616,1988,571,1892,323,350,0.6651,5741,8372
2026.8333,2026,40,14537,14116,1414,3267,1094,2924,616,1991,573,1887,320,343,0.6658,5748,8389
2026.9167,2026,44,14583,14164,1406,3262,1087,2934,613,1997,575,1892,319,328,0.6674,5754,8403
2027.0000,2027,0,14601,14191,1413,3258,1092,2940,612,2002,572,1895,321,318,0.6684,5765,8419
2027.0833,2027,4,14646,14218,1418,3258,1096,2933,618,2004,576,1900,322,325,0.6678,5777,8434
2027.1667,2027,8,14728,14268,1424,3256,1096,2929,618,2009,575,1903,328,327,0.6683,5791,8450
2027.2500,2027,12,14741,14300,1419,3256,1091,2925,618,2014,574,1903,328,331,0.6697,5799,8465
2027.3333,2027,16,14775,14343,1414,3250,1093,2923,618,2010,576,1899,321,327,0.6715,5807,8479
2027.4167,2027,20,14836,14380,1410,3254,1092,2929,616,2010,571,1902,318,325,0.6727,5814,8497
2027.5000,2027,24,14857,14391,1403,3253,1082,2928,615,2010,571,1905,321,325,0.6736,5822,8517
2027.5833,2027,28,14881,14423,1394,3253,1080,2930,610,2013,564,1906,314,323,0.6750,5829,8532
2027.6667,2027,32,14949,14486,1399,3256,1077,2941,606,2018,566,1908,322,315,0.6744,5845,8547
2027.7500,2027,36,14984,14513,1400,3256,1087,2946,608,2018,564,1908,313,310,0.6748,5852,8564
2027.8333,2027,40,15027,14537,1396,3250,1085,2938,605,2026,561,1911,311,312,0.6749,5857,8583
2027.9167,2027,44,15081,14600,1394,3246,1087,2947,615,2032,561,1920,307,299,0.6751,5864,8595
2028.0000,2028,0,15122,14611,1390,3234,1084,2947,613,2036,558,1924,306,287,0.6756,5871,8607
2028.0833,2028,4,15135,14653,1392,3236,1078,2946,618,2034,564,1919,314,290,0.6770,5886,8621
2028.1667,2028,8,15195,14702,1391,3235,1085,2936,621,2036,568,1917,306,299,0.6766,5893,8642
2028.2500,2028,12,15212,14717,1399,3232,1089,2930,620,2032,574,1918,310,302,0.6780,5912,8659
2028.3333,2028,16,15251,14746,1404,3227,1088,2932,613,2034,565,1917,316,295,0.6785,5927,8666
2028.4167,2028,20,15311,14809,1401,3227,1089,2930,613,2039,568,1921,312,297,0.6795,5933,8685
2028.5000,2028,24,15332,14828,1404,3227,1094,2929,618,2034,571,1919,310,298,0.6801,5944,8703
2028.5833,2028,28,15368,14842,1394,3218,1087,2919,618,2029,570,1920,307,299,0.6809,5948,8714
2028.6667,2028,32,15423,14890,1394,3216,1087,2915,612,2030,567,1921,307,301,0.6805,5958,8728
2028.7500,2028,36,15451,14906,1395,3213,1088,2907,616,2015,567,1913,307,306,0.6821,5968,8749
2028.8333,2028,40,15478,14933,1388,3218,1082,2908,619,2018,569,1908,306,310,0.6830,5976,8774
2028.9167,2028,44,15526,14994,1392,3221,1081,2916,615,2027,571,1907,311,305,0.6834,5990,8790
2029.0000,2029,0,15544,15011,1385,3218,1081,2916,613,2025,569,1910,304,302,0.6848,5996,8811
2029.0833,2029,4,15567,15053,1386,3225,1076,2916,622,2036,570,1921,310,309,0.6854,6010,8830
2029.1667,2029,8,15616,15100,1392,3221,1072,2914,621,2037,575,1917,320,307,0.6854,6023,8845
2029.2500,2029,12,15647,15121,1392,3231,1068,2917,622,2045,576,1917,324,314,0.6865,6036,8872
2029.3333,2029,16,15698,15152,1392,3236,1069,2913,620,2045,571,1918,323,323,0.6875,6043,8895
2029.4167,2029,20,15756,15194,1389,3227,1073,2904,616,2039,567,1918,316,323,0.6882,6052,8911
2029.5000,2029,24,15783,15218,1387,3221,1065,2903,608,2030,566,1912,322,318,0.6891,6065,8927
2029.5833,2029,28,15832,15251,1382,3213,1058,2900,610,2022,562,1912,324,313,0.6892,6075,8943
2029.6667,2029,32,15893,15296,1381,3212,1062,2902,620,2020,566,1906,319,310,0.6901,6083,8958
2029.7500,2029,36,15914,15320,1376,3203,1054,2894,621,2017,566,1906,322,309,0.6908,6093,8970
2029.8333,2029,40,15958,15349,1367,3203,1048,2897,620,2021,569,1906,319,306,0.6915,6100,8988
2029.9167,2029,44,16017,15406,1370,3213,1050,2906,619,2024,563,1913,320,307,0.6925,6108,9006
2030.0000,2030,0,16048,15437,1376,3214,1054,2909,622,2036,566,1921,322,305,0.6936,6123,9020

